Mrs. Brandy Shields,1578
Brandon Vincent,1641
Charles Weaver,506
Brad Oliver,2247
Michael Schultz,3057
Sandra Mcdonald,1054
Patrick Kirk,2804
Lisa Smith,680
Frank Johnson,1819
Frank Sanchez,698
Robert Lucas,3347
Robert Moore,1255
Ashley Bush,3247
Cynthia Sanders,1141
Ian Carpenter,1793
Gregory Braun,474
Daniel Thompson,2458
Tammy Moore,2571
Ryan Brown,2644
Janice Johnson,1903
Dawn Powell,1291
Christopher Smith,2890
Rebecca Welch,3430
Regina Lewis,1791
Joshua Thompson,2978
Christopher Griffith,585
Joshua Morgan,2323
Chad Bush,1054
Heidi Garcia,2068
James Wilkins,530
Steven Lambert,2091
Andrew King,405
Cynthia Burke,3051
Charles Smith,2626
Ann Phillips,1479
Patrick Wright,1798
Adam Lloyd,2067
Rebecca Robertson,634
Stanley Williams,2586
Tina Bradshaw,1847
Mario Finley,2730
Wesley Mahoney,2160
Ryan Hayes,896
Brian Smith,1019
Elizabeth Holt,2850
Michelle Wong,2054
Amber Williams,1464
Tiffany Turner,1992
Sarah Vargas,2832
Sara Singh,1350
Dean Gregory,3312
Rebecca Rodriguez,3153
Francisco Rojas,1833
Lauren Wilson,2746
Gary Allen,3078
Samantha Payne,3433
Ashley Paul,3046
Elizabeth Soto,1702
Joseph Taylor,2276
David Ayala,3428
Gary Bell,650
Lisa Pierce,3498
Gregory Hanson,2633
Richard Tran,1498
Craig Wilson,1634
Richard Prince,874
Daniel Sharp,991
Nathan Heath MD,1061
Nathan Mcbride,707
Robert Bishop,1069
James Holloway,3494
Michele Anderson,3378
Shelia Lopez,1159
William Nguyen,2341
Joshua Hamilton,1329
Amy Martin,2885
Sheena Williams,2901
Tracy Miller,2079
Beverly Brooks,946
Thomas Delgado,2235
Heidi Dyer,2441
Gloria Griffith,954
Jonathan Phillips,2710
Richard Richard,1804
Laura Little,2475
Thomas Bailey,2587
William Moore,2205
Daisy Velazquez,2038
Stacy Espinoza,1431
Amanda Farrell,2001
Jerry Farrell,1983
Chase Brown,2291
Raymond Sims,2663
Catherine Palmer,2302
Joanna Roy,2686
Paige Weber,2230
Devon Oliver,2922
Sheena Brooks,2312
Brenda Lawrence,1641
Andrew Robbins,659
Theresa Walker,2340
Ashley Francis,1754
Julia Garcia,1096
Heather Schultz,3353
Catherine Warren,690
Brian Haynes,1749
Erika Shields,1864
James Fisher,649
Christine Carrillo,2041
Morgan Malone,3355
Emily Wilson,2034
Mark Smith,3496
Maurice Willis,527
Mark Thompson,3037
Rebekah Holland,435
Larry Reed,1626
Teresa Dennis,787
Rachel Vasquez,2995
Joel Wright,2096
Thomas Lewis,3299
Margaret Berg,1676
Jared Moore,2982
Janet Rivas,3114
Jocelyn Rowland,1258
Jennifer Hughes,865
Cody Beasley,1915
Robert Taylor,572
Jennifer Cummings DDS,561
Fernando Bradford,1229
Kim Sandoval,731
Juan Carlson,799
Maria Diaz,980
Denise Gutierrez,1834
Amy Stark,849
Mary Boyer,1334
Elizabeth Smith,2505
Marvin Garcia,2584
Gregory Miller,945
Mindy Farrell,989
Victoria Harris,1521
Mary Johnson,2467
Sheila Cuevas,2610
Gail Sanders,3262
Heather Floyd,2061
Clifford Glenn,2666
Sabrina Haney,2175
Darren Christensen,1343
Jeffrey Walls,3227
Mr. Corey Adams,1975
Jane Rodriguez,467
Rebecca Ramos,2028
Gina Martin,958
Jonathan Pratt,453
Richard Simpson,2659
Denise Jones,1621
Christopher Beard,960
Micheal Ramirez,1704
Tiffany Martin,2155
Nancy Ballard,2680
Alexa Jackson,2908
Donna Reilly,1910
Jason Crawford,3234
Dawn Rodriguez,1620
Craig Williams,597
Gene Anderson,2276
Brandon Harris,1426
Jenny Howard,1542
Megan Green,582
John Moody,3410
Desiree Diaz,1198
Andrea Larson,1620
Robert Molina,439
Dr. Karen Keller MD,2130
Maria Watkins,1153
Craig Miller,3352
Ryan Goodman,2267
Morgan Rose,972
Alexander Bridges,2313
Cristian Jackson DDS,673
Jillian Roberts,2788
Steven Fernandez,891
Nicholas Mcconnell,444
Paul Thomas,861
Deanna Wagner,3298
Natasha Zimmerman,3317
Jorge Doyle,405
Meghan Williams,2575
Austin Cook,2362
Adam Reeves,2768
Claudia Lopez,2697
Gregory Mcbride,3494
Katie Thompson,440
Amanda Mccarty,2740
Samantha Robles,2953
Traci Patel,871
Chris Gonzalez,1872
Dawn Thomas,1794
Rita Montes,719
Daniel Johnson,3025
Danielle White,1978
Andrew Beltran,2114
Teresa Brown,2346
Lauren Roberts,2594
Meghan Mata,1867
Carla Duffy,1812
Felicia Howell,3176
Olivia Vasquez,3450
Danielle Bowman,2741
Mark Mitchell,3044
Robert Moore,2888
Brian Webb,3216
Albert Berg,3109
Joseph Perez,1298
Lynn Ray,2283
Gordon Steele,817
Shelley Sanchez,861
Heather Hodge,1618
Rachel Smith,3200
Amanda Mitchell,2716
Dawn Harper,1597
Cheryl Simon,569
Carrie Gomez,1478
Debra Turner,2361
Tiffany Porter,1599
Andrea Ochoa,1040
Kyle Garcia,1111
Ebony Green,756
Deborah Johnson,1355
Charles Smith,632
Jonathan Hanson,3253
Elizabeth Jones,1672
Victoria Morrow,2490
Brett Smith,1060
Kelly Smith,2126
Pamela Boyd,1460
Candace Oconnell,1009
Miranda Dean,2076
Tara Burton,2223
Laura Marquez,1058
Brenda Baker,2821
Virginia Friedman,2523
Barry Cruz,2395
Stephen Cox,3200
Summer Ward,3333
David Ward,568
Kathleen Sims,1521
John Monroe,2493
David Hodges,3030
Laura Hooper,2254
Abigail Robertson,2716
Brianna Sanders,1047
Jacob Brown,2249
David Wright,3475
Tyler Kent,2038
Jennifer Black DDS,837
Michael Russell,1256
Raymond Smith,735
Tiffany Thompson,2735
Ruth Rhodes,2491
Martin Velez,1068
Tiffany Wang,1312
Monica Bryant,1938
Amanda Farmer,1760
Dylan Johnson,1041
Marie Riley,3332
George Sanders,2401
Mr. Nicholas Armstrong,552
Melissa Myers,454
Robert Hughes,1146
James Montgomery,2964
William Morales,525
Suzanne Casey,1329
Hayden Webb,1576
Amanda Horne,1307
Jeff Davis,3072
Jenny Greer,1249
Shaun Hunt,1104
Vickie King,1681
Rebecca Brown,461
Tracy Patton,2039
Allen Walsh,1862
Chelsea Flores,3059
Jeffrey Russell,2589
Jason Schmidt,3255
Antonio Herman,823
Thomas Hughes,507
Christina Chambers,2096
Casey Baker,2151
Bridget Simpson,3342
Daniel Noble,2206
Kelly White,1883
Gerald Bishop,2552
Michele Carey,2003
Christine Ball,1609
Jason Matthews,3309
Barbara Schaefer,2478
Lisa Robinson DVM,2711
Cameron Wise,2788
William White,928
Gerald Thompson,859
Erin Braun,2214
Michelle Singh,2362
Raven Walters,3173
Katie Ruiz,493
Adam Watson,2148
Christopher Dean,1503
James Kelly,2385
David Ramirez,3121
Jessica Ray,2481
Tamara Miller,3035
Kelsey Fisher,3478
Christina Wise,607
Thomas Berry,2281
Nathan Greer,1080
Christine Walton,2876
Hector Johnson,3485
Nicholas Cameron,787
Daniel Morris,1348
Ashley Douglas,1173
Robert Miller,664
Brenda Lutz,1776
Thomas Cox,1534
Kristina Sanchez,1867
Mr. Carl Harris Jr.,1740
Emily Newton,3339
Harry Gonzalez,2471
Stephen Douglas,1223
Adrian Young,624
Stephanie Gregory,470
Jessica Valdez,2886
Karen Adams,3456
Daniel Smith,2835
Luis Vargas,2886
Stephen Barrett,1925
Ryan Sanders,1822
Nicholas Sanders,2061
Taylor Harris,1329
Erika Lambert,3220
Martin Johnson,2240
Crystal Payne,3399
Thomas Ali,3441
Aaron Smith,2189
Bradley Torres,1215
John Stewart,575
Stephanie Mercer,3270
Joel Walters,1913
Frank Carter,892
Suzanne Edwards,2949
Jose Lewis,1156
Brett Robinson,1119
Nancy Gonzales,1155
John Singh,1887
Pedro Baker,2499
Autumn Smith,1703
Amber Carroll,1087
Gerald Meyers,1065
Ryan Thompson,1057
Elizabeth Richards,3032
James Garrison,1424
Donna Lloyd,2115
David Merritt,1348
Pamela Berry,552
Denise Huang,766
Hannah Wood,2876
Amanda Conrad,3008
Jade Hoffman,3142
Teresa Ho,1432
Erin Spears,689
Jared Marks,2532
Lance Bryant,1779
Chad Travis,2041
Jon Walker,1147
Zachary Stark,1890
Sandra Stevens,2617
Rachel Mccullough,974
Austin Miller,3463
William Burns,2633
Thomas Thompson,1581
Christopher Wilson,3330
James Martin,475
Joel Phillips,1494
Heidi Joseph,3174
Debbie Willis,1867
Lisa Jackson,2780
Bobby Jones,437
Kelly Roberts,2286
Lori Lewis,3019
Ryan Alexander,1466
Joseph Rivera,1468
Maria Flores,1051
John Schmidt,3245
Brittney Wu,1021
William Lopez,1464
Daniel Thompson,1104
Sheri Levy,1283
Aaron Scott,1674
Kelly Arnold,1911
Nicole Brown,3170
Desiree Frey,3279
Robert Colon,2580
Tony Jenkins,1295
Derek Vincent,2071
Pamela Mitchell,2991
Mark Sims,3122
Anita Oliver,3481
Chris Shaw,2554
Natasha Cannon,2992
Anthony Norris,2026
James Smith,2981
Robert Brady,3207
Michael Mccarty,3426
Amy Reid,2000
Jennifer Gregory,2872
Jamie Lozano,3230
Kyle Fitzgerald,471
Robin Morrow,800
Elaine Poole,771
Suzanne Sandoval,2057
Martha Villa,3202
Amy Collier,3132
Michael Salazar,3026
Jerry Rivera,3012
Scott Briggs,859
Kathryn Neal,1108
Jesse Jones,721
Nancy Dillon,1280
Darlene Hayes,1249
Jacqueline Cohen,2821
Melissa Hogan,519
Bradley Frey,989
Matthew Montoya,1558
Jacob Wolf,1140
Jamie Stephens,2474
James Hale,1874
Christina Douglas,2592
Rodney White,2889
Shannon Mills,1085
Kathleen Williams,1566
Danielle Mendoza,2707
Kathryn Mccarty,3435
Steve Jones,1568
Dawn Kim,2490
Samuel Davis,1147
Robert French,3137
Kathryn Miller,2792
Jeff Henson,2088
Kimberly Stevenson,1547
Garrett Bradley,2753
Caitlin Daniel,1930
Crystal Ibarra,580
Ryan Walker,1436
Anthony Jackson,2872
Colin Allen,3327
Jimmy White,1565
Ronald Williams,938
Wendy Howe,2075
Ariana Everett,849
John Howard,847
Steve Gutierrez,1569
Howard Keller,2179
Janet Hines,1310
Cheyenne Campbell,1607
Cynthia Downs,2337
Alan Watson,2622
Mark Davis,3069
Tina Howard,1458
Mrs. Jennifer Nash,2120
Shelby Morrow,1349
Becky Reynolds,2062
Samantha Davis,1277
Mark Rangel,1564
Wendy Lane,2401
Kevin Ward,1245
Lori Nguyen,653
Kayla Barnes,996
Samantha Rodriguez,2079
Kristen Anderson,1462
Travis Johnson,1900
Gerald Curry,1826
Anthony Miller,1965
Stacy Sexton,446
Paul Walsh,1484
Michael Williamson,3412
Matthew Cole,2801
Laura Williams,2903
Dr. Audrey Walker,2344
Erik Quinn,2426
Cathy Snyder,772
Jessica Morales,3214
Diana Obrien,2607
Jennifer Perez,3403
Robert Richard,3332
Ashley Barker,3333
Christian Diaz,2216
Steven Page,1005
Brian Mccann,3374
Tara Chandler,1134
Michelle Horton,1683
Lisa Fleming,2535
Tracy Miller,2029
Anna Garrison,1672
Michael Mathis Jr.,2801
Kathryn Reynolds,2277
Gabriel Jimenez,2712
Mitchell Johnson,2812
Richard Howard,728
Bryan Martin,1640
Denise Thompson,2661
Steve Shepard,1126
Wanda Anderson,2142
Rebecca Walker,1058
Amy Burns,3091
Brian Davis,2797
James Baker,1582
Felicia Mills,2771
Amber Hancock,839
Jennifer Solomon,1919
Kelly Brown,2306
Timothy Reese,1852
Vanessa Campbell,3427
Amanda Sanders,3140
Christopher Jones,2145
Jonathan Thomas,1327
James Johns,3328
Carl Vincent,1522
Judith Reyes,1154
Brittany Shaw,867
Dawn Mitchell,1856
Kayla Weaver,3293
Adam Mitchell,1755
Mark Moreno,3240
Donald Salinas,664
Mrs. Casey Carter,1741
Michael Barrera,2402
Kaitlyn Grant,2368
Stephanie Medina,1372
Dakota Brown,1386
Angel Larson,1551
Doris Smith,1217
Sara Strickland,839
Shane Wright,1314
Benjamin Meza,2979
Collin Davis,2229
James Adams,2294
Michael Sparks,3060
Ashley Carroll,1738
Rhonda Stewart,2409
Bradley Howard,3151
Krista Reed,2347
William Miller,1592
Nathan Hunter,1961
Jeffrey Fletcher,418
Hannah Gentry,1853
Jessica Berry,2981
Glen Burton,1216
Christopher Kim,1358
David Hobbs,2148
David Lee,1920
Danielle Gomez,2393
Susan Riggs,491
Cynthia Cooper,750
Mr. Kevin Obrien Jr.,1620
Denise Lowe,1501
Cynthia Patterson,3124
Stacey Dixon,1900
Kiara Sims,773
Sarah Taylor,1480
Dylan Thompson,1877
Rita Martinez,632
Dakota White,2413
James Johnson,3256
Jacob Jones,1041
Bryan Edwards,1127
Mark Chapman,1113
Heather Mack,2776
Scott Blackwell,3437
Stephanie Lambert,1846
Scott Carrillo,1451
Marvin Cobb,2041
Ms. Mary Armstrong,2778
Daniel Lopez,3242
Jill Hamilton,3285
Andrea Fuller,3446
Tommy Russo,2598
James Navarro,1585
Anna Rojas,2372
Ronald Sullivan,1475
Evelyn Hartman,2642
Nicole Edwards,1393
Shannon Hart PhD,688
Michael Rodriguez,916
Haley Doyle,635
John Nguyen,2024
Lisa Wong,1967
Pamela Jones,883
Shawn Richardson,2506
Drew Faulkner,2214
Gerald Jones,2940
Laura Hayes,1247
Traci Vargas,3353
Valerie Davis,1396
Tanya Robertson,933
Thomas Santos,1904
Laurie Davis,2426
Eileen Shepard,3312
Jason Jenkins,2791
Amber Schwartz,1850
Jasmine Hayes,560
Matthew Bennett,1164
John Stewart,2728
Deanna Castillo,1363
Jaime Burnett,3495
Cynthia Lindsey,1934
Deanna Wells,962
Victoria Williams,1871
Tracie Owens,1613
Penny Dickson,2665
Michelle Dunn,1831
Patricia Armstrong,3204
Michele Hawkins,2358
Jason Kelley,1578
Jennifer Cruz,2217
Ray Vazquez,1939
Jessica Lee,3286
Samantha Mendoza,2760
Luis Monroe,2224
Derek Martin,3237
Bryan Scott,1889
Diamond Black,475
Billy Morgan,1879
Krista Downs,3118
Luis Dean,2365
Phillip Wyatt,2222
Cesar Lawrence,785
Matthew Garcia,753
Michelle Mccormick,2705
Christopher Romero,916
Steven Grant,2834
Tonya Robinson,2410
Derek Moore,3402
Kimberly Howard,3139
Matthew Duncan,2216
Michele Mack,2650
Steve Morales,2759
Emily Burton,645
Matthew Montes,1449
Lawrence Hamilton,725
Yvonne Thomas,540
Carla Marsh,1813
Caitlin Cohen,1091
Felicia Murray,3460
Scott Lane,1509
Lori Anderson,1031
Linda Morgan,2952
Wanda Smith,2848
Stephanie Jackson,1259
David Morales,3262
Justin Hernandez,2545
Benjamin Chavez,3301
Alexa Burgess,3091
Leslie Snyder,1423
Kenneth Harper,1793
Jon Olsen,1988
Robert Myers,3112
Sandra Silva,2137
Vanessa Black,1850
James Dixon,412
Wendy Johnson,2591
Melissa Smith,3425
Erin Moore DDS,521
Jessica Butler,2130
Randy Bruce,1510
David Blackwell,2448
Brandon Russell,431
Yolanda Keith,1342
Bridget Russell,2076
Jared Singleton,2980
Daniel Sanchez,2337
Brandon Sullivan,1175
Edward Alexander,1544
Brad Fitzgerald,1406
Lisa Griffith,1578
Chad Horton II,1286
Elizabeth Clarke,2810
Elizabeth Mckinney,1729
Matthew Davis,747
Austin Gonzalez,1491
Juan Hendricks,1794
Benjamin Lambert,2363
Allen Villegas,2004
Andrea Robinson,3415
Denise Sullivan,2023
Nicholas Daniels,3036
Abigail Moore,1119
Christopher Woods,409
Joyce Davis,1860
Dillon Le,1670
Stephanie Williams,1442
Kenneth Short,1008
Vincent Baker,1753
Gary Garza,709
Thomas Castillo,3147
Brandon Price,2301
Holly Smith,2490
Edward Howard Jr.,1058
Christopher Perez,2384
Catherine Mitchell,1872
Jody Vargas,1877
Scott Rogers,2853
James Figueroa,2100
Anthony Woods,1956
Luis Garcia,1269
Ronald Doyle,1101
Matthew Perez,2801
Virginia Campbell,2932
Brianna Nichols,1688
Jerry Martinez,2241
Rhonda Zhang,545
Miguel Mckinney,2612
Angela Hebert,3155
Dr. Patricia Jones,604
Christopher Castro,1623
Todd Hanson,2499
Julie Hernandez DDS,1932
Bonnie Johnson,1091
Kayla Gibson,1044
Timothy Powell,1299
Lisa Alvarez,496
Ashley Davidson,2924
Rebecca Lee,3454
Angela Salinas,3056
Amanda Davila,758
Fernando Taylor,2438
Joseph Garcia,2394
Kimberly Jones,1641
Joyce Andrews,1492
Sandra Rivera,1614
Jeffrey Campbell,3104
Keith Evans,749
Anthony Burton,433
Jeffrey Sanchez,3290
Brooke Williams,902
Melissa Brown,3054
Jill Erickson,657
Dawn Baker,445
Anna Thomas,1126
Rachael Holland,2479
Alyssa Coleman,2576
Christian King,1128
Kiara Garcia,1127
Johnathan Young,1621
Hector Prince,1943
Jody Harrell,3465
Jason Wilson,3180
William Smith,416
Justin Barber,3481
Deborah Robinson,2733
Terry Hancock,2385
Mr. Kyle Morris,1607
Sherri Porter,877
Tammy Greer,3122
Theresa Stone,849
Samuel Smith,3108
Tanner Carter,1236
Ann Bass,2851
Russell Davis,3001
Richard Mendez,1114
Derrick Perez,1075
Terri Warner,1552
Vincent Thomas,965
Shawn Cook,668
Traci Poole,2967
John Galvan,1253
Dr. Christopher Woodard V,2907
Sean Mora,3495
Wanda Reynolds,1568
Richard Gomez,665
Loretta Shelton,841
Caitlin Valdez,451
Sheila Conner,3238
Brittney Campbell,2024
Luis Anderson,1626
Andrea Dennis,1449
Robin Herring,2505
Shelly Riley,1728
Jennifer Gonzalez,3361
Jose Garcia,2233
Taylor Hunter,3207
Michael Brown,3318
Brandi Hayden,2959
Lauren Deleon,1535
Zachary Young,2273
Evelyn Smith,2315
Stephanie Garcia,600
Joy Lindsey,1096
Glen Mueller,2409
Dr. Colin Salas,1087
Andrea Pitts,938
Robert Shaw,1674
Maureen May,970
Carol Christensen,659
Ashlee Butler,3168
Troy Burke,1203
Charles Ruiz,1478
Jason Brown,2432
Tracy Rodriguez,1229
Roy Lewis,3001
Michelle Davies,609
Kristine Sanchez,3213
Meredith Lee,2179
Kathryn Ray,3394
Tonya Solis,1129
James Chaney,3401
Raymond Richmond,2884
Mrs. Sandra Mcbride DDS,2676
Julia Clark,1758
Mandy Brooks,2276
Charles Moore,3298
Stephanie Butler MD,1731
Joseph Baird,1043
Gregory Boyer,1696
Amy Gomez,3290
Christopher Brown,636
Christopher Hicks,1807
Alexis Sims,3251
Jennifer Hernandez,3169
Brian Perez,2479
Michelle Dawson,2146
Michael Floyd,3395
Johnny Elliott,783
Bobby Nguyen,3355
Amy Mcmillan,3381
Daniel Williams,1168
Tamara Hodge,667
Jason Solis,505
Erin Powell,563
Cheyenne Quinn,796
Cory Clark,544
Julie Johnson,2174
Anthony Powell,665
James Zimmerman,2011
Teresa Johnson,3107
Sarah Brown,2786
Daniel Shaw,1685
Brenda Jenkins,1599
Erica Hampton,2934
Dorothy Mcmillan,3477
Alyssa Melendez,3070
Toni Mercado,3035
Manuel Brown,3376
Joe Russo,2211
Jeffrey Haney,2504
Erica Lewis,1237
David Thompson,2574
Kayla Duffy,2969
Christopher Baker,3141
Tim Johnson,2739
Eric Dorsey,2970
David Boyd,627
Nichole Carney,2044
Steven Robinson,508
Rodney Whitaker,2007
Joseph Waters,1365
Amanda Smith,2501
Michael Wagner MD,525
Alexandra Cook,2006
Tiffany Levy,1724
David Barnes MD,2608
Brian Harvey,2586
Andrea Reilly,1068
Dr. Todd Stewart,2683
Katherine Bell,955
Julia Brown,3356
Andrew Warren,1396
Steven Allen,1397
Valerie Lewis,2260
Carrie Huang,649
Nicholas Johnson,2666
Vanessa West,3500
Gregory Riggs,2506
Katherine Lucas,2233
Joseph Herring,2828
Penny Henderson,1044
Mary Edwards,2727
Dr. Michael Carter,2151
Mark Brown,581
Emily Jenkins,709
Olivia Briggs,686
Laura Williams,2821
Shane Cruz,3185
Zachary Mccarthy,3317
Richard Chandler,2170
Joanna Cruz,2737
Jason Camacho,455
Christopher Young,2092
Jordan Shepard,2394
Joshua Brown,1013
Amanda Taylor,2742
Alexander Marshall,1289
Janet Rhodes,1697
Monica Kirby,3257
Chad Stone,2818
Michelle Bryant,405
Victoria Moss,3269
Derrick Mueller,787
Brandon Russell,1642
Bradley Anderson,960
Briana Williams,3158
Kristin Jenkins,1256
Thomas Duffy,3437
Brandon Lewis,2711
Daniel Carter,992
Andrew Chung,2048
Alejandro Mason,3277
Tony Schwartz,568
Kristine Fitzgerald,1880
Dr. Sean Osborne,2531
Andrea Hurst,2073
Anne Brown,2168
Jordan Garza,2578
Mr. Allen Lozano,3185
Michael Hunter,3108
Heidi Walker,1366
Ronald Burke,1775
Aaron Smith,982
Allison Arnold DVM,1479
Vanessa Conrad,971
Angie Rush,440
Danielle Hughes,2817
Melissa Cruz,1588
Raymond Glover,2021
Kathleen Martinez,2447
Dakota Diaz,1912
Jonathan Waller,611
Billy Vasquez,1937
Lori Gibson,2383
Jessica Ibarra,1439
Jessica Roberts,2561
John Lewis,2771
Tiffany Craig,1325
Thomas Allen,3088
Rachel Bennett,2641
Angela Flynn,2498
Jessica Rose,2290
Isaac Nichols,3105
Logan Davis,2349
Kristi French,2794
Savannah Ramirez,1654
Brittney Lee,3233
Glenda Spencer,2100
Martin Martinez,2606
Jose Lowe,1703
Betty Warren,2044
Gary Ortiz,913
Stephanie Peterson,1857
Eric Pugh,966
Bruce Gonzales,1795
Crystal Joyce,2915
Roger Oneill,2647
Billy Davis,616
Johnny Smith,2283
Michael Jackson,1937
Jonathan Bennett,1824
Patrick Johnson,722
Ashlee Simmons,583
Rebecca Mata,1734
Paul Edwards,1409
Christine Smith,3483
Christina Booker,604
Michael Wiley,704
Michael Sandoval,690
Kyle Wong,3112
Wyatt Goodwin,3275
Adrian Walker,1227
Rhonda Cox,815
Melissa Mccann,1996
Dorothy Brown,669
Tonya Taylor,1091
Joseph Phillips,3174
Michelle Jones,524
Darlene Orr,3133
Brian Chen,2647
Maria Rivera,2280
Stephen Randolph,1651
Sarah Martinez MD,3331
Joseph Sawyer MD,3401
Morgan Brooks,2974
Tony Brown,1492
Samuel Martinez,2454
Emily Chavez,664
Andrew Martin,849
Sarah Mendoza,3060
Patty White,1539
Dr. Donna Parsons,2713
Daniel Davidson,3397
Steven Scott,977
Reginald David,1960
Emily Cunningham,2366
Pamela Parsons,557
Kathryn Oneill,3277
